,date,variable,value
0,2021-02-24,daily_booster2,0
1,2021-02-25,daily_booster2,0
2,2021-02-26,daily_booster2,0
3,2021-02-27,daily_booster2,0
4,2021-02-28,daily_booster2,0
5,2021-03-01,daily_booster2,0
6,2021-03-02,daily_booster2,0
7,2021-03-03,daily_booster2,0
8,2021-03-04,daily_booster2,0
9,2021-03-05,daily_booster2,0
10,2021-03-06,daily_booster2,0
11,2021-03-07,daily_booster2,0
12,2021-03-08,daily_booster2,0
13,2021-03-09,daily_booster2,0
14,2021-03-10,daily_booster2,0
15,2021-03-11,daily_booster2,0
16,2021-03-12,daily_booster2,0
17,2021-03-13,daily_booster2,0
18,2021-03-14,daily_booster2,0
19,2021-03-15,daily_booster2,0
20,2021-03-16,daily_booster2,0
21,2021-03-17,daily_booster2,0
22,2021-03-18,daily_booster2,0
23,2021-03-19,daily_booster2,0
24,2021-03-20,daily_booster2,0
25,2021-03-21,daily_booster2,0
26,2021-03-22,daily_booster2,0
27,2021-03-23,daily_booster2,0
28,2021-03-24,daily_booster2,0
29,2021-03-25,daily_booster2,0
30,2021-03-26,daily_booster2,0
31,2021-03-27,daily_booster2,0
32,2021-03-28,daily_booster2,0
33,2021-03-29,daily_booster2,0
34,2021-03-30,daily_booster2,0
35,2021-03-31,daily_booster2,0
36,2021-04-01,daily_booster2,0
37,2021-04-02,daily_booster2,0
38,2021-04-03,daily_booster2,0
39,2021-04-04,daily_booster2,0
40,2021-04-05,daily_booster2,0
41,2021-04-06,daily_booster2,0
42,2021-04-07,daily_booster2,0
43,2021-04-08,daily_booster2,0
44,2021-04-09,daily_booster2,0
45,2021-04-10,daily_booster2,0
46,2021-04-11,daily_booster2,0
47,2021-04-12,daily_booster2,0
48,2021-04-13,daily_booster2,0
49,2021-04-14,daily_booster2,0
50,2021-04-15,daily_booster2,0
51,2021-04-16,daily_booster2,0
52,2021-04-17,daily_booster2,0
53,2021-04-18,daily_booster2,0
54,2021-04-19,daily_booster2,0
55,2021-04-20,daily_booster2,0
56,2021-04-21,daily_booster2,0
57,2021-04-22,daily_booster2,0
58,2021-04-23,daily_booster2,0
59,2021-04-24,daily_booster2,0
60,2021-04-25,daily_booster2,0
61,2021-04-26,daily_booster2,0
62,2021-04-27,daily_booster2,0
63,2021-04-28,daily_booster2,0
64,2021-04-29,daily_booster2,0
65,2021-04-30,daily_booster2,0
66,2021-05-01,daily_booster2,0
67,2021-05-02,daily_booster2,0
68,2021-05-03,daily_booster2,0
69,2021-05-04,daily_booster2,0
70,2021-05-05,daily_booster2,0
71,2021-05-06,daily_booster2,0
72,2021-05-07,daily_booster2,0
73,2021-05-08,daily_booster2,0
74,2021-05-09,daily_booster2,0
75,2021-05-10,daily_booster2,0
76,2021-05-11,daily_booster2,0
77,2021-05-12,daily_booster2,0
78,2021-05-13,daily_booster2,0
79,2021-05-14,daily_booster2,0
80,2021-05-15,daily_booster2,0
81,2021-05-16,daily_booster2,0
82,2021-05-17,daily_booster2,0
83,2021-05-18,daily_booster2,0
84,2021-05-19,daily_booster2,0
85,2021-05-20,daily_booster2,0
86,2021-05-21,daily_booster2,0
87,2021-05-22,daily_booster2,0
88,2021-05-23,daily_booster2,0
89,2021-05-24,daily_booster2,0
90,2021-05-25,daily_booster2,0
91,2021-05-26,daily_booster2,0
92,2021-05-27,daily_booster2,0
93,2021-05-28,daily_booster2,0
94,2021-05-29,daily_booster2,0
95,2021-05-30,daily_booster2,0
96,2021-05-31,daily_booster2,0
97,2021-06-01,daily_booster2,0
98,2021-06-02,daily_booster2,0
99,2021-06-03,daily_booster2,0
100,2021-06-04,daily_booster2,0
101,2021-06-05,daily_booster2,0
102,2021-06-06,daily_booster2,0
103,2021-06-07,daily_booster2,0
104,2021-06-08,daily_booster2,0
105,2021-06-09,daily_booster2,0
106,2021-06-10,daily_booster2,0
107,2021-06-11,daily_booster2,0
108,2021-06-12,daily_booster2,0
109,2021-06-13,daily_booster2,0
110,2021-06-14,daily_booster2,0
111,2021-06-15,daily_booster2,0
112,2021-06-16,daily_booster2,0
113,2021-06-17,daily_booster2,0
114,2021-06-18,daily_booster2,0
115,2021-06-19,daily_booster2,0
116,2021-06-20,daily_booster2,0
117,2021-06-21,daily_booster2,0
118,2021-06-22,daily_booster2,0
119,2021-06-23,daily_booster2,0
120,2021-06-24,daily_booster2,0
121,2021-06-25,daily_booster2,0
122,2021-06-26,daily_booster2,0
123,2021-06-27,daily_booster2,0
124,2021-06-28,daily_booster2,0
125,2021-06-29,daily_booster2,0
126,2021-06-30,daily_booster2,0
127,2021-07-01,daily_booster2,0
128,2021-07-02,daily_booster2,0
129,2021-07-03,daily_booster2,0
130,2021-07-04,daily_booster2,0
131,2021-07-05,daily_booster2,0
132,2021-07-06,daily_booster2,0
133,2021-07-07,daily_booster2,0
134,2021-07-08,daily_booster2,0
135,2021-07-09,daily_booster2,0
136,2021-07-10,daily_booster2,0
137,2021-07-11,daily_booster2,0
138,2021-07-12,daily_booster2,0
139,2021-07-13,daily_booster2,0
140,2021-07-14,daily_booster2,0
141,2021-07-15,daily_booster2,0
142,2021-07-16,daily_booster2,0
143,2021-07-17,daily_booster2,0
144,2021-07-18,daily_booster2,0
145,2021-07-19,daily_booster2,0
146,2021-07-20,daily_booster2,0
147,2021-07-21,daily_booster2,0
148,2021-07-22,daily_booster2,0
149,2021-07-23,daily_booster2,0
150,2021-07-24,daily_booster2,0
151,2021-07-25,daily_booster2,0
152,2021-07-26,daily_booster2,0
153,2021-07-27,daily_booster2,0
154,2021-07-28,daily_booster2,0
155,2021-07-29,daily_booster2,0
156,2021-07-30,daily_booster2,0
157,2021-07-31,daily_booster2,0
158,2021-08-01,daily_booster2,0
159,2021-08-02,daily_booster2,0
160,2021-08-03,daily_booster2,0
161,2021-08-04,daily_booster2,0
162,2021-08-05,daily_booster2,0
163,2021-08-06,daily_booster2,0
164,2021-08-07,daily_booster2,0
165,2021-08-08,daily_booster2,0
166,2021-08-09,daily_booster2,0
167,2021-08-10,daily_booster2,0
168,2021-08-11,daily_booster2,0
169,2021-08-12,daily_booster2,0
170,2021-08-13,daily_booster2,0
171,2021-08-14,daily_booster2,0
172,2021-08-15,daily_booster2,0
173,2021-08-16,daily_booster2,0
174,2021-08-17,daily_booster2,0
175,2021-08-18,daily_booster2,0
176,2021-08-19,daily_booster2,0
177,2021-08-20,daily_booster2,0
178,2021-08-21,daily_booster2,0
179,2021-08-22,daily_booster2,0
180,2021-08-23,daily_booster2,0
181,2021-08-24,daily_booster2,0
182,2021-08-25,daily_booster2,0
183,2021-08-26,daily_booster2,0
184,2021-08-27,daily_booster2,0
185,2021-08-28,daily_booster2,0
186,2021-08-29,daily_booster2,0
187,2021-08-30,daily_booster2,0
188,2021-08-31,daily_booster2,0
189,2021-09-01,daily_booster2,0
190,2021-09-02,daily_booster2,0
191,2021-09-03,daily_booster2,0
192,2021-09-04,daily_booster2,0
193,2021-09-05,daily_booster2,0
194,2021-09-06,daily_booster2,0
195,2021-09-07,daily_booster2,0
196,2021-09-08,daily_booster2,0
197,2021-09-09,daily_booster2,0
198,2021-09-10,daily_booster2,0
199,2021-09-11,daily_booster2,0
200,2021-09-12,daily_booster2,0
201,2021-09-13,daily_booster2,0
202,2021-09-14,daily_booster2,0
203,2021-09-15,daily_booster2,0
204,2021-09-16,daily_booster2,0
205,2021-09-17,daily_booster2,0
206,2021-09-18,daily_booster2,0
207,2021-09-19,daily_booster2,0
208,2021-09-20,daily_booster2,0
209,2021-09-21,daily_booster2,0
210,2021-09-22,daily_booster2,0
211,2021-09-23,daily_booster2,0
212,2021-09-24,daily_booster2,0
213,2021-09-25,daily_booster2,0
214,2021-09-26,daily_booster2,0
215,2021-09-27,daily_booster2,0
216,2021-09-28,daily_booster2,0
217,2021-09-29,daily_booster2,0
218,2021-09-30,daily_booster2,0
219,2021-10-01,daily_booster2,0
220,2021-10-02,daily_booster2,0
221,2021-10-03,daily_booster2,0
222,2021-10-04,daily_booster2,0
223,2021-10-05,daily_booster2,0
224,2021-10-06,daily_booster2,0
225,2021-10-07,daily_booster2,0
226,2021-10-08,daily_booster2,0
227,2021-10-09,daily_booster2,0
228,2021-10-10,daily_booster2,0
229,2021-10-11,daily_booster2,0
230,2021-10-12,daily_booster2,0
231,2021-10-13,daily_booster2,0
232,2021-10-14,daily_booster2,0
233,2021-10-15,daily_booster2,0
234,2021-10-16,daily_booster2,1
235,2021-10-17,daily_booster2,0
236,2021-10-18,daily_booster2,0
237,2021-10-19,daily_booster2,0
238,2021-10-20,daily_booster2,1
239,2021-10-21,daily_booster2,0
240,2021-10-22,daily_booster2,0
241,2021-10-23,daily_booster2,0
242,2021-10-24,daily_booster2,0
243,2021-10-25,daily_booster2,1
244,2021-10-26,daily_booster2,2
245,2021-10-27,daily_booster2,9
246,2021-10-28,daily_booster2,592
247,2021-10-29,daily_booster2,290
248,2021-10-30,daily_booster2,111
249,2021-10-31,daily_booster2,79
250,2021-11-01,daily_booster2,229
251,2021-11-02,daily_booster2,307
252,2021-11-03,daily_booster2,270
253,2021-11-04,daily_booster2,79
254,2021-11-05,daily_booster2,164
255,2021-11-06,daily_booster2,126
256,2021-11-07,daily_booster2,68
257,2021-11-08,daily_booster2,228
258,2021-11-09,daily_booster2,335
259,2021-11-10,daily_booster2,306
260,2021-11-11,daily_booster2,330
261,2021-11-12,daily_booster2,267
262,2021-11-13,daily_booster2,185
263,2021-11-14,daily_booster2,77
264,2021-11-15,daily_booster2,304
265,2021-11-16,daily_booster2,387
266,2021-11-17,daily_booster2,316
267,2021-11-18,daily_booster2,320
268,2021-11-19,daily_booster2,311
269,2021-11-20,daily_booster2,118
270,2021-11-21,daily_booster2,74
271,2021-11-22,daily_booster2,274
272,2021-11-23,daily_booster2,354
273,2021-11-24,daily_booster2,340
274,2021-11-25,daily_booster2,331
275,2021-11-26,daily_booster2,217
276,2021-11-27,daily_booster2,126
277,2021-11-28,daily_booster2,68
278,2021-11-29,daily_booster2,302
279,2021-11-30,daily_booster2,328
280,2021-12-01,daily_booster2,363
281,2021-12-02,daily_booster2,377
282,2021-12-03,daily_booster2,271
283,2021-12-04,daily_booster2,153
284,2021-12-05,daily_booster2,133
285,2021-12-06,daily_booster2,310
286,2021-12-07,daily_booster2,403
287,2021-12-08,daily_booster2,325
288,2021-12-09,daily_booster2,375
289,2021-12-10,daily_booster2,69
290,2021-12-11,daily_booster2,59
291,2021-12-12,daily_booster2,91
292,2021-12-13,daily_booster2,96
293,2021-12-14,daily_booster2,107
294,2021-12-15,daily_booster2,88
295,2021-12-16,daily_booster2,119
296,2021-12-17,daily_booster2,128
297,2021-12-18,daily_booster2,46
298,2021-12-19,daily_booster2,207
299,2021-12-20,daily_booster2,520
300,2021-12-21,daily_booster2,413
301,2021-12-22,daily_booster2,259
302,2021-12-23,daily_booster2,395
303,2021-12-24,daily_booster2,371
304,2021-12-25,daily_booster2,90
305,2021-12-26,daily_booster2,170
306,2021-12-27,daily_booster2,328
307,2021-12-28,daily_booster2,385
308,2021-12-29,daily_booster2,226
309,2021-12-30,daily_booster2,405
310,2021-12-31,daily_booster2,284
311,2022-01-01,daily_booster2,134
312,2022-01-02,daily_booster2,225
313,2022-01-03,daily_booster2,395
314,2022-01-04,daily_booster2,284
315,2022-01-05,daily_booster2,251
316,2022-01-06,daily_booster2,281
317,2022-01-07,daily_booster2,283
318,2022-01-08,daily_booster2,535
319,2022-01-09,daily_booster2,287
320,2022-01-10,daily_booster2,378
321,2022-01-11,daily_booster2,359
322,2022-01-12,daily_booster2,254
323,2022-01-13,daily_booster2,347
324,2022-01-14,daily_booster2,375
325,2022-01-15,daily_booster2,372
326,2022-01-16,daily_booster2,357
327,2022-01-17,daily_booster2,453
328,2022-01-18,daily_booster2,396
329,2022-01-19,daily_booster2,235
330,2022-01-20,daily_booster2,319
331,2022-01-21,daily_booster2,850
332,2022-01-22,daily_booster2,660
333,2022-01-23,daily_booster2,335
334,2022-01-24,daily_booster2,448
335,2022-01-25,daily_booster2,276
336,2022-01-26,daily_booster2,243
337,2022-01-27,daily_booster2,332
338,2022-01-28,daily_booster2,410
339,2022-01-29,daily_booster2,196
340,2022-01-30,daily_booster2,191
341,2022-01-31,daily_booster2,298
342,2022-02-01,daily_booster2,70
343,2022-02-02,daily_booster2,79
344,2022-02-03,daily_booster2,260
345,2022-02-04,daily_booster2,210
346,2022-02-05,daily_booster2,156
347,2022-02-06,daily_booster2,113
348,2022-02-07,daily_booster2,339
349,2022-02-08,daily_booster2,357
350,2022-02-09,daily_booster2,380
351,2022-02-10,daily_booster2,364
352,2022-02-11,daily_booster2,371
353,2022-02-12,daily_booster2,310
354,2022-02-13,daily_booster2,249
355,2022-02-14,daily_booster2,321
356,2022-02-15,daily_booster2,271
357,2022-02-16,daily_booster2,290
358,2022-02-17,daily_booster2,268
359,2022-02-18,daily_booster2,323
360,2022-02-19,daily_booster2,215
361,2022-02-20,daily_booster2,190
362,2022-02-21,daily_booster2,210
363,2022-02-22,daily_booster2,313
364,2022-02-23,daily_booster2,268
365,2022-02-24,daily_booster2,267
366,2022-02-25,daily_booster2,381
367,2022-02-26,daily_booster2,168
368,2022-02-27,daily_booster2,132
369,2022-02-28,daily_booster2,270
370,2022-03-01,daily_booster2,307
371,2022-03-02,daily_booster2,215
372,2022-03-03,daily_booster2,291
373,2022-03-04,daily_booster2,164
374,2022-03-05,daily_booster2,150
375,2022-03-06,daily_booster2,97
376,2022-03-07,daily_booster2,196
377,2022-03-08,daily_booster2,177
378,2022-03-09,daily_booster2,109
379,2022-03-10,daily_booster2,139
380,2022-03-11,daily_booster2,125
381,2022-03-12,daily_booster2,71
382,2022-03-13,daily_booster2,75
383,2022-03-14,daily_booster2,124
384,2022-03-15,daily_booster2,121
385,2022-03-16,daily_booster2,187
386,2022-03-17,daily_booster2,111
387,2022-03-18,daily_booster2,111
388,2022-03-19,daily_booster2,54
389,2022-03-20,daily_booster2,59
390,2022-03-21,daily_booster2,87
391,2022-03-22,daily_booster2,80
392,2022-03-23,daily_booster2,125
393,2022-03-24,daily_booster2,64
394,2022-03-25,daily_booster2,79
395,2022-03-26,daily_booster2,65
396,2022-03-27,daily_booster2,55
397,2022-03-28,daily_booster2,122
398,2022-03-29,daily_booster2,174
399,2022-03-30,daily_booster2,176
400,2022-03-31,daily_booster2,161
401,2022-04-01,daily_booster2,97
402,2022-04-02,daily_booster2,44
403,2022-04-03,daily_booster2,12
404,2022-04-04,daily_booster2,58
405,2022-04-05,daily_booster2,64
406,2022-04-06,daily_booster2,62
407,2022-04-07,daily_booster2,60
408,2022-04-08,daily_booster2,35
409,2022-04-09,daily_booster2,26
410,2022-04-10,daily_booster2,38
411,2022-04-11,daily_booster2,60
412,2022-04-12,daily_booster2,68
413,2022-04-13,daily_booster2,40
414,2022-04-14,daily_booster2,63
415,2022-04-15,daily_booster2,94
416,2022-04-16,daily_booster2,141
417,2022-04-17,daily_booster2,130
418,2022-04-18,daily_booster2,232
419,2022-04-19,daily_booster2,259
420,2022-04-20,daily_booster2,313
421,2022-04-21,daily_booster2,359
422,2022-04-22,daily_booster2,397
423,2022-04-23,daily_booster2,325
424,2022-04-24,daily_booster2,267
425,2022-04-25,daily_booster2,614
426,2022-04-26,daily_booster2,643
427,2022-04-27,daily_booster2,756
428,2022-04-28,daily_booster2,816
429,2022-04-29,daily_booster2,799
430,2022-04-30,daily_booster2,418
431,2022-05-01,daily_booster2,260
432,2022-05-02,daily_booster2,326
433,2022-05-03,daily_booster2,236
434,2022-05-04,daily_booster2,448
435,2022-05-05,daily_booster2,1517
436,2022-05-06,daily_booster2,1485
437,2022-05-07,daily_booster2,905
438,2022-05-08,daily_booster2,756
439,2022-05-09,daily_booster2,2378
440,2022-05-10,daily_booster2,2599
441,2022-05-11,daily_booster2,2893
442,2022-05-12,daily_booster2,2593
443,2022-05-13,daily_booster2,2018
444,2022-05-14,daily_booster2,1601
445,2022-05-15,daily_booster2,809
446,2022-05-16,daily_booster2,1828
447,2022-05-17,daily_booster2,2513
448,2022-05-18,daily_booster2,2335
449,2022-05-19,daily_booster2,2563
450,2022-05-20,daily_booster2,1606
451,2022-05-21,daily_booster2,1077
452,2022-05-22,daily_booster2,822
453,2022-05-23,daily_booster2,1559
454,2022-05-24,daily_booster2,1867
455,2022-05-25,daily_booster2,1700
456,2022-05-26,daily_booster2,1877
457,2022-05-27,daily_booster2,1511
458,2022-05-28,daily_booster2,1037
459,2022-05-29,daily_booster2,644
460,2022-05-30,daily_booster2,1556
461,2022-05-31,daily_booster2,1787
462,2022-06-01,daily_booster2,1206
463,2022-06-02,daily_booster2,1143
464,2022-06-03,daily_booster2,918
465,2022-06-04,daily_booster2,713
466,2022-06-05,daily_booster2,449
467,2022-06-06,daily_booster2,514
468,2022-06-07,daily_booster2,1156
469,2022-06-08,daily_booster2,1062
470,2022-06-09,daily_booster2,1389
471,2022-06-10,daily_booster2,1123
472,2022-06-11,daily_booster2,818
473,2022-06-12,daily_booster2,527
474,2022-06-13,daily_booster2,944
475,2022-06-14,daily_booster2,1182
476,2022-06-15,daily_booster2,1105
477,2022-06-16,daily_booster2,1130
478,2022-06-17,daily_booster2,1167
479,2022-06-18,daily_booster2,886
480,2022-06-19,daily_booster2,448
481,2022-06-20,daily_booster2,866
482,2022-06-21,daily_booster2,1133
483,2022-06-22,daily_booster2,1534
484,2022-06-23,daily_booster2,2062
485,2022-06-24,daily_booster2,2403
486,2022-06-25,daily_booster2,1827
487,2022-06-26,daily_booster2,1391
488,2022-06-27,daily_booster2,2489
489,2022-06-28,daily_booster2,2760
490,2022-06-29,daily_booster2,2499
491,2022-06-30,daily_booster2,2922
492,2022-07-01,daily_booster2,2633
493,2022-07-02,daily_booster2,2417
494,2022-07-03,daily_booster2,1643
495,2022-07-04,daily_booster2,2466
496,2022-07-05,daily_booster2,2842
497,2022-07-06,daily_booster2,2815
498,2022-07-07,daily_booster2,3880
499,2022-07-08,daily_booster2,4589
500,2022-07-09,daily_booster2,5110
501,2022-07-10,daily_booster2,3179
502,2022-07-11,daily_booster2,3689
503,2022-07-12,daily_booster2,7222
504,2022-07-13,daily_booster2,8415
505,2022-07-14,daily_booster2,10086
506,2022-07-15,daily_booster2,10909
507,2022-07-16,daily_booster2,8325
508,2022-07-17,daily_booster2,5703
509,2022-07-18,daily_booster2,8118
510,2022-07-19,daily_booster2,8783
511,2022-07-20,daily_booster2,10883
512,2022-07-21,daily_booster2,12141
513,2022-07-22,daily_booster2,11470
514,2022-07-23,daily_booster2,8501
515,2022-07-24,daily_booster2,6985
516,2022-07-25,daily_booster2,10208
517,2022-07-26,daily_booster2,10529
518,2022-07-27,daily_booster2,10060
519,2022-07-28,daily_booster2,10663
520,2022-07-29,daily_booster2,11110
521,2022-07-30,daily_booster2,6206
522,2022-07-31,daily_booster2,4669
523,2022-08-01,daily_booster2,6002
524,2022-08-02,daily_booster2,6638
525,2022-08-03,daily_booster2,6449
526,2022-08-04,daily_booster2,6984
527,2022-08-05,daily_booster2,7171
528,2022-08-06,daily_booster2,4319
529,2022-08-07,daily_booster2,2582
530,2022-08-08,daily_booster2,4445
531,2022-08-09,daily_booster2,4862
532,2022-08-10,daily_booster2,4923
533,2022-08-11,daily_booster2,5178
534,2022-08-12,daily_booster2,5930
535,2022-08-13,daily_booster2,3367
536,2022-08-14,daily_booster2,2022
537,2022-08-15,daily_booster2,3083
538,2022-08-16,daily_booster2,3300
539,2022-08-17,daily_booster2,3829
540,2022-08-18,daily_booster2,4178
541,2022-08-19,daily_booster2,4788
542,2022-08-20,daily_booster2,2932
543,2022-08-21,daily_booster2,1334
544,2022-08-22,daily_booster2,2291
545,2022-08-23,daily_booster2,2812
546,2022-08-24,daily_booster2,3789
547,2022-08-25,daily_booster2,2972
548,2022-08-26,daily_booster2,3546
549,2022-08-27,daily_booster2,1920
550,2022-08-28,daily_booster2,972
551,2022-08-29,daily_booster2,1939
552,2022-08-30,daily_booster2,2761
553,2022-08-31,daily_booster2,879
554,2022-09-01,daily_booster2,2218
555,2022-09-02,daily_booster2,2849
556,2022-09-03,daily_booster2,1335
557,2022-09-04,daily_booster2,621
558,2022-09-05,daily_booster2,1239
559,2022-09-06,daily_booster2,1307
560,2022-09-07,daily_booster2,1520
561,2022-09-08,daily_booster2,2773
562,2022-09-09,daily_booster2,2165
563,2022-09-10,daily_booster2,1128
564,2022-09-11,daily_booster2,606
565,2022-09-12,daily_booster2,978
566,2022-09-13,daily_booster2,1328
567,2022-09-14,daily_booster2,1427
568,2022-09-15,daily_booster2,2073
569,2022-09-16,daily_booster2,561
570,2022-09-17,daily_booster2,725
571,2022-09-18,daily_booster2,379
572,2022-09-19,daily_booster2,757
573,2021-02-24,daily_booster,0
574,2021-02-25,daily_booster,0
575,2021-02-26,daily_booster,0
576,2021-02-27,daily_booster,0
577,2021-02-28,daily_booster,0
578,2021-03-01,daily_booster,0
579,2021-03-02,daily_booster,0
580,2021-03-03,daily_booster,0
581,2021-03-04,daily_booster,0
582,2021-03-05,daily_booster,0
583,2021-03-06,daily_booster,0
584,2021-03-07,daily_booster,0
585,2021-03-08,daily_booster,0
586,2021-03-09,daily_booster,0
587,2021-03-10,daily_booster,0
588,2021-03-11,daily_booster,0
589,2021-03-12,daily_booster,0
590,2021-03-13,daily_booster,0
591,2021-03-14,daily_booster,0
592,2021-03-15,daily_booster,0
593,2021-03-16,daily_booster,0
594,2021-03-17,daily_booster,0
595,2021-03-18,daily_booster,0
596,2021-03-19,daily_booster,0
597,2021-03-20,daily_booster,0
598,2021-03-21,daily_booster,0
599,2021-03-22,daily_booster,0
600,2021-03-23,daily_booster,0
601,2021-03-24,daily_booster,0
602,2021-03-25,daily_booster,0
603,2021-03-26,daily_booster,0
604,2021-03-27,daily_booster,0
605,2021-03-28,daily_booster,0
606,2021-03-29,daily_booster,0
607,2021-03-30,daily_booster,0
608,2021-03-31,daily_booster,0
609,2021-04-01,daily_booster,0
610,2021-04-02,daily_booster,0
611,2021-04-03,daily_booster,0
612,2021-04-04,daily_booster,0
613,2021-04-05,daily_booster,0
614,2021-04-06,daily_booster,0
615,2021-04-07,daily_booster,0
616,2021-04-08,daily_booster,0
617,2021-04-09,daily_booster,0
618,2021-04-10,daily_booster,0
619,2021-04-11,daily_booster,0
620,2021-04-12,daily_booster,0
621,2021-04-13,daily_booster,0
622,2021-04-14,daily_booster,0
623,2021-04-15,daily_booster,0
624,2021-04-16,daily_booster,0
625,2021-04-17,daily_booster,0
626,2021-04-18,daily_booster,0
627,2021-04-19,daily_booster,0
628,2021-04-20,daily_booster,0
629,2021-04-21,daily_booster,0
630,2021-04-22,daily_booster,0
631,2021-04-23,daily_booster,0
632,2021-04-24,daily_booster,0
633,2021-04-25,daily_booster,0
634,2021-04-26,daily_booster,0
635,2021-04-27,daily_booster,0
636,2021-04-28,daily_booster,0
637,2021-04-29,daily_booster,0
638,2021-04-30,daily_booster,0
639,2021-05-01,daily_booster,0
640,2021-05-02,daily_booster,0
641,2021-05-03,daily_booster,0
642,2021-05-04,daily_booster,0
643,2021-05-05,daily_booster,0
644,2021-05-06,daily_booster,0
645,2021-05-07,daily_booster,0
646,2021-05-08,daily_booster,0
647,2021-05-09,daily_booster,0
648,2021-05-10,daily_booster,0
649,2021-05-11,daily_booster,0
650,2021-05-12,daily_booster,0
651,2021-05-13,daily_booster,0
652,2021-05-14,daily_booster,0
653,2021-05-15,daily_booster,0
654,2021-05-16,daily_booster,0
655,2021-05-17,daily_booster,0
656,2021-05-18,daily_booster,0
657,2021-05-19,daily_booster,0
658,2021-05-20,daily_booster,0
659,2021-05-21,daily_booster,0
660,2021-05-22,daily_booster,0
661,2021-05-23,daily_booster,0
662,2021-05-24,daily_booster,0
663,2021-05-25,daily_booster,0
664,2021-05-26,daily_booster,0
665,2021-05-27,daily_booster,0
666,2021-05-28,daily_booster,0
667,2021-05-29,daily_booster,0
668,2021-05-30,daily_booster,0
669,2021-05-31,daily_booster,0
670,2021-06-01,daily_booster,0
671,2021-06-02,daily_booster,0
672,2021-06-03,daily_booster,0
673,2021-06-04,daily_booster,0
674,2021-06-05,daily_booster,0
675,2021-06-06,daily_booster,0
676,2021-06-07,daily_booster,0
677,2021-06-08,daily_booster,0
678,2021-06-09,daily_booster,0
679,2021-06-10,daily_booster,0
680,2021-06-11,daily_booster,0
681,2021-06-12,daily_booster,0
682,2021-06-13,daily_booster,0
683,2021-06-14,daily_booster,0
684,2021-06-15,daily_booster,0
685,2021-06-16,daily_booster,0
686,2021-06-17,daily_booster,0
687,2021-06-18,daily_booster,0
688,2021-06-19,daily_booster,0
689,2021-06-20,daily_booster,0
690,2021-06-21,daily_booster,0
691,2021-06-22,daily_booster,0
692,2021-06-23,daily_booster,0
693,2021-06-24,daily_booster,0
694,2021-06-25,daily_booster,0
695,2021-06-26,daily_booster,0
696,2021-06-27,daily_booster,0
697,2021-06-28,daily_booster,0
698,2021-06-29,daily_booster,0
699,2021-06-30,daily_booster,0
700,2021-07-01,daily_booster,0
701,2021-07-02,daily_booster,0
702,2021-07-03,daily_booster,0
703,2021-07-04,daily_booster,0
704,2021-07-05,daily_booster,0
705,2021-07-06,daily_booster,0
706,2021-07-07,daily_booster,0
707,2021-07-08,daily_booster,0
708,2021-07-09,daily_booster,0
709,2021-07-10,daily_booster,0
710,2021-07-11,daily_booster,0
711,2021-07-12,daily_booster,0
712,2021-07-13,daily_booster,0
713,2021-07-14,daily_booster,0
714,2021-07-15,daily_booster,0
715,2021-07-16,daily_booster,0
716,2021-07-17,daily_booster,0
717,2021-07-18,daily_booster,0
718,2021-07-19,daily_booster,0
719,2021-07-20,daily_booster,0
720,2021-07-21,daily_booster,0
721,2021-07-22,daily_booster,0
722,2021-07-23,daily_booster,0
723,2021-07-24,daily_booster,0
724,2021-07-25,daily_booster,0
725,2021-07-26,daily_booster,0
726,2021-07-27,daily_booster,0
727,2021-07-28,daily_booster,0
728,2021-07-29,daily_booster,0
729,2021-07-30,daily_booster,0
730,2021-07-31,daily_booster,0
731,2021-08-01,daily_booster,0
732,2021-08-02,daily_booster,0
733,2021-08-03,daily_booster,0
734,2021-08-04,daily_booster,0
735,2021-08-05,daily_booster,0
736,2021-08-06,daily_booster,0
737,2021-08-07,daily_booster,0
738,2021-08-08,daily_booster,0
739,2021-08-09,daily_booster,0
740,2021-08-10,daily_booster,0
741,2021-08-11,daily_booster,0
742,2021-08-12,daily_booster,0
743,2021-08-13,daily_booster,0
744,2021-08-14,daily_booster,0
745,2021-08-15,daily_booster,0
746,2021-08-16,daily_booster,0
747,2021-08-17,daily_booster,0
748,2021-08-18,daily_booster,0
749,2021-08-19,daily_booster,0
750,2021-08-20,daily_booster,0
751,2021-08-21,daily_booster,0
752,2021-08-22,daily_booster,0
753,2021-08-23,daily_booster,0
754,2021-08-24,daily_booster,0
755,2021-08-25,daily_booster,0
756,2021-08-26,daily_booster,0
757,2021-08-27,daily_booster,0
758,2021-08-28,daily_booster,0
759,2021-08-29,daily_booster,0
760,2021-08-30,daily_booster,0
761,2021-08-31,daily_booster,0
762,2021-09-01,daily_booster,4
763,2021-09-02,daily_booster,7
764,2021-09-03,daily_booster,2
765,2021-09-04,daily_booster,6
766,2021-09-05,daily_booster,2
767,2021-09-06,daily_booster,2
768,2021-09-07,daily_booster,2
769,2021-09-08,daily_booster,6
770,2021-09-09,daily_booster,2
771,2021-09-10,daily_booster,4
772,2021-09-11,daily_booster,44
773,2021-09-12,daily_booster,94
774,2021-09-13,daily_booster,2
775,2021-09-14,daily_booster,3
776,2021-09-15,daily_booster,5
777,2021-09-16,daily_booster,1
778,2021-09-17,daily_booster,6
779,2021-09-18,daily_booster,1
780,2021-09-19,daily_booster,1
781,2021-09-20,daily_booster,1
782,2021-09-21,daily_booster,4
783,2021-09-22,daily_booster,3
784,2021-09-23,daily_booster,2
785,2021-09-24,daily_booster,2
786,2021-09-25,daily_booster,4
787,2021-09-26,daily_booster,7
788,2021-09-27,daily_booster,5
789,2021-09-28,daily_booster,9
790,2021-09-29,daily_booster,6
791,2021-09-30,daily_booster,14
792,2021-10-01,daily_booster,21
793,2021-10-02,daily_booster,5
794,2021-10-03,daily_booster,6
795,2021-10-04,daily_booster,122
796,2021-10-05,daily_booster,107
797,2021-10-06,daily_booster,40
798,2021-10-07,daily_booster,67
799,2021-10-08,daily_booster,610
800,2021-10-09,daily_booster,22
801,2021-10-10,daily_booster,4
802,2021-10-11,daily_booster,41
803,2021-10-12,daily_booster,194
804,2021-10-13,daily_booster,2218
805,2021-10-14,daily_booster,3321
806,2021-10-15,daily_booster,10411
807,2021-10-16,daily_booster,3621
808,2021-10-17,daily_booster,2728
809,2021-10-18,daily_booster,9234
810,2021-10-19,daily_booster,1408
811,2021-10-20,daily_booster,17331
812,2021-10-21,daily_booster,20563
813,2021-10-22,daily_booster,18886
814,2021-10-23,daily_booster,8423
815,2021-10-24,daily_booster,8640
816,2021-10-25,daily_booster,22350
817,2021-10-26,daily_booster,22807
818,2021-10-27,daily_booster,28320
819,2021-10-28,daily_booster,53150
820,2021-10-29,daily_booster,45790
821,2021-10-30,daily_booster,21150
822,2021-10-31,daily_booster,16980
823,2021-11-01,daily_booster,44707
824,2021-11-02,daily_booster,57874
825,2021-11-03,daily_booster,65646
826,2021-11-04,daily_booster,21442
827,2021-11-05,daily_booster,48479
828,2021-11-06,daily_booster,25821
829,2021-11-07,daily_booster,22718
830,2021-11-08,daily_booster,60314
831,2021-11-09,daily_booster,79279
832,2021-11-10,daily_booster,87649
833,2021-11-11,daily_booster,94835
834,2021-11-12,daily_booster,76215
835,2021-11-13,daily_booster,39117
836,2021-11-14,daily_booster,31546
837,2021-11-15,daily_booster,72449
838,2021-11-16,daily_booster,91262
839,2021-11-17,daily_booster,94519
840,2021-11-18,daily_booster,99198
841,2021-11-19,daily_booster,84112
842,2021-11-20,daily_booster,38506
843,2021-11-21,daily_booster,31146
844,2021-11-22,daily_booster,95148
845,2021-11-23,daily_booster,123281
846,2021-11-24,daily_booster,128612
847,2021-11-25,daily_booster,131305
848,2021-11-26,daily_booster,104524
849,2021-11-27,daily_booster,48576
850,2021-11-28,daily_booster,37866
851,2021-11-29,daily_booster,100360
852,2021-11-30,daily_booster,125275
853,2021-12-01,daily_booster,133473
854,2021-12-02,daily_booster,139902
855,2021-12-03,daily_booster,117828
856,2021-12-04,daily_booster,64017
857,2021-12-05,daily_booster,52199
858,2021-12-06,daily_booster,90546
859,2021-12-07,daily_booster,117566
860,2021-12-08,daily_booster,118738
861,2021-12-09,daily_booster,132852
862,2021-12-10,daily_booster,117119
863,2021-12-11,daily_booster,69648
864,2021-12-12,daily_booster,65700
865,2021-12-13,daily_booster,124292
866,2021-12-14,daily_booster,156872
867,2021-12-15,daily_booster,164769
868,2021-12-16,daily_booster,166499
869,2021-12-17,daily_booster,157307
870,2021-12-18,daily_booster,70370
871,2021-12-19,daily_booster,77544
872,2021-12-20,daily_booster,141626
873,2021-12-21,daily_booster,164017
874,2021-12-22,daily_booster,173433
875,2021-12-23,daily_booster,172932
876,2021-12-24,daily_booster,138023
877,2021-12-25,daily_booster,24328
878,2021-12-26,daily_booster,63341
879,2021-12-27,daily_booster,124201
880,2021-12-28,daily_booster,148984
881,2021-12-29,daily_booster,181575
882,2021-12-30,daily_booster,202055
883,2021-12-31,daily_booster,178430
884,2022-01-01,daily_booster,40873
885,2022-01-02,daily_booster,93851
886,2022-01-03,daily_booster,206965
887,2022-01-04,daily_booster,239294
888,2022-01-05,daily_booster,243352
889,2022-01-06,daily_booster,250133
890,2022-01-07,daily_booster,215314
891,2022-01-08,daily_booster,125213
892,2022-01-09,daily_booster,110024
893,2022-01-10,daily_booster,222016
894,2022-01-11,daily_booster,252573
895,2022-01-12,daily_booster,255367
896,2022-01-13,daily_booster,266226
897,2022-01-14,daily_booster,235868
898,2022-01-15,daily_booster,168095
899,2022-01-16,daily_booster,147847
900,2022-01-17,daily_booster,242392
901,2022-01-18,daily_booster,130582
902,2022-01-19,daily_booster,266850
903,2022-01-20,daily_booster,247672
904,2022-01-21,daily_booster,196886
905,2022-01-22,daily_booster,158411
906,2022-01-23,daily_booster,132088
907,2022-01-24,daily_booster,202847
908,2022-01-25,daily_booster,213402
909,2022-01-26,daily_booster,208696
910,2022-01-27,daily_booster,204885
911,2022-01-28,daily_booster,178590
912,2022-01-29,daily_booster,98800
913,2022-01-30,daily_booster,81483
914,2022-01-31,daily_booster,95944
915,2022-02-01,daily_booster,28742
916,2022-02-02,daily_booster,29859
917,2022-02-03,daily_booster,98259
918,2022-02-04,daily_booster,87910
919,2022-02-05,daily_booster,58423
920,2022-02-06,daily_booster,53495
921,2022-02-07,daily_booster,111381
922,2022-02-08,daily_booster,144790
923,2022-02-09,daily_booster,153756
924,2022-02-10,daily_booster,157329
925,2022-02-11,daily_booster,141628
926,2022-02-12,daily_booster,106264
927,2022-02-13,daily_booster,84363
928,2022-02-14,daily_booster,111854
929,2022-02-15,daily_booster,112880
930,2022-02-16,daily_booster,120050
931,2022-02-17,daily_booster,120404
932,2022-02-18,daily_booster,116279
933,2022-02-19,daily_booster,79515
934,2022-02-20,daily_booster,68061
935,2022-02-21,daily_booster,86100
936,2022-02-22,daily_booster,98001
937,2022-02-23,daily_booster,97200
938,2022-02-24,daily_booster,90747
939,2022-02-25,daily_booster,88675
940,2022-02-26,daily_booster,64652
941,2022-02-27,daily_booster,59992
942,2022-02-28,daily_booster,82750
943,2022-03-01,daily_booster,75731
944,2022-03-02,daily_booster,71454
945,2022-03-03,daily_booster,73126
946,2022-03-04,daily_booster,58637
947,2022-03-05,daily_booster,38389
948,2022-03-06,daily_booster,32600
949,2022-03-07,daily_booster,47241
950,2022-03-08,daily_booster,48717
951,2022-03-09,daily_booster,43364
952,2022-03-10,daily_booster,43876
953,2022-03-11,daily_booster,33369
954,2022-03-12,daily_booster,20711
955,2022-03-13,daily_booster,20719
956,2022-03-14,daily_booster,36327
957,2022-03-15,daily_booster,38478
958,2022-03-16,daily_booster,34064
959,2022-03-17,daily_booster,31449
960,2022-03-18,daily_booster,21054
961,2022-03-19,daily_booster,18251
962,2022-03-20,daily_booster,16893
963,2022-03-21,daily_booster,22450
964,2022-03-22,daily_booster,22045
965,2022-03-23,daily_booster,21000
966,2022-03-24,daily_booster,21349
967,2022-03-25,daily_booster,19606
968,2022-03-26,daily_booster,18137
969,2022-03-27,daily_booster,17375
970,2022-03-28,daily_booster,36914
971,2022-03-29,daily_booster,42031
972,2022-03-30,daily_booster,46713
973,2022-03-31,daily_booster,49838
974,2022-04-01,daily_booster,22727
975,2022-04-02,daily_booster,11984
976,2022-04-03,daily_booster,4326
977,2022-04-04,daily_booster,11497
978,2022-04-05,daily_booster,12196
979,2022-04-06,daily_booster,11609
980,2022-04-07,daily_booster,11156
981,2022-04-08,daily_booster,8767
982,2022-04-09,daily_booster,6974
983,2022-04-10,daily_booster,6488
984,2022-04-11,daily_booster,10407
985,2022-04-12,daily_booster,8600
986,2022-04-13,daily_booster,7871
987,2022-04-14,daily_booster,8289
988,2022-04-15,daily_booster,5940
989,2022-04-16,daily_booster,4582
990,2022-04-17,daily_booster,3654
991,2022-04-18,daily_booster,6481
992,2022-04-19,daily_booster,4889
993,2022-04-20,daily_booster,5713
994,2022-04-21,daily_booster,7117
995,2022-04-22,daily_booster,4989
996,2022-04-23,daily_booster,3323
997,2022-04-24,daily_booster,2943
998,2022-04-25,daily_booster,4663
999,2022-04-26,daily_booster,4866
1000,2022-04-27,daily_booster,4455
1001,2022-04-28,daily_booster,4396
1002,2022-04-29,daily_booster,3130
1003,2022-04-30,daily_booster,2025
1004,2022-05-01,daily_booster,546
1005,2022-05-02,daily_booster,352
1006,2022-05-03,daily_booster,243
1007,2022-05-04,daily_booster,467
1008,2022-05-05,daily_booster,1685
1009,2022-05-06,daily_booster,1571
1010,2022-05-07,daily_booster,1339
1011,2022-05-08,daily_booster,1467
1012,2022-05-09,daily_booster,2882
1013,2022-05-10,daily_booster,3490
1014,2022-05-11,daily_booster,3646
1015,2022-05-12,daily_booster,4304
1016,2022-05-13,daily_booster,3004
1017,2022-05-14,daily_booster,2332
1018,2022-05-15,daily_booster,1310
1019,2022-05-16,daily_booster,1826
1020,2022-05-17,daily_booster,2853
1021,2022-05-18,daily_booster,2625
1022,2022-05-19,daily_booster,3244
1023,2022-05-20,daily_booster,2115
1024,2022-05-21,daily_booster,1540
1025,2022-05-22,daily_booster,1383
1026,2022-05-23,daily_booster,1992
1027,2022-05-24,daily_booster,2439
1028,2022-05-25,daily_booster,2328
1029,2022-05-26,daily_booster,3269
1030,2022-05-27,daily_booster,2027
1031,2022-05-28,daily_booster,1275
1032,2022-05-29,daily_booster,1117
1033,2022-05-30,daily_booster,2086
1034,2022-05-31,daily_booster,2227
1035,2022-06-01,daily_booster,1648
1036,2022-06-02,daily_booster,1542
1037,2022-06-03,daily_booster,1222
1038,2022-06-04,daily_booster,830
1039,2022-06-05,daily_booster,605
1040,2022-06-06,daily_booster,460
1041,2022-06-07,daily_booster,1852
1042,2022-06-08,daily_booster,1609
1043,2022-06-09,daily_booster,2089
1044,2022-06-10,daily_booster,1947
1045,2022-06-11,daily_booster,824
1046,2022-06-12,daily_booster,693
1047,2022-06-13,daily_booster,1276
1048,2022-06-14,daily_booster,1671
1049,2022-06-15,daily_booster,1282
1050,2022-06-16,daily_booster,1586
1051,2022-06-17,daily_booster,1275
1052,2022-06-18,daily_booster,854
1053,2022-06-19,daily_booster,545
1054,2022-06-20,daily_booster,1291
1055,2022-06-21,daily_booster,1358
1056,2022-06-22,daily_booster,1363
1057,2022-06-23,daily_booster,1439
1058,2022-06-24,daily_booster,1392
1059,2022-06-25,daily_booster,790
1060,2022-06-26,daily_booster,545
1061,2022-06-27,daily_booster,1024
1062,2022-06-28,daily_booster,1211
1063,2022-06-29,daily_booster,1124
1064,2022-06-30,daily_booster,1606
1065,2022-07-01,daily_booster,1047
1066,2022-07-02,daily_booster,621
1067,2022-07-03,daily_booster,688
1068,2022-07-04,daily_booster,1073
1069,2022-07-05,daily_booster,1062
1070,2022-07-06,daily_booster,1033
1071,2022-07-07,daily_booster,1304
1072,2022-07-08,daily_booster,1155
1073,2022-07-09,daily_booster,761
1074,2022-07-10,daily_booster,302
1075,2022-07-11,daily_booster,391
1076,2022-07-12,daily_booster,994
1077,2022-07-13,daily_booster,1109
1078,2022-07-14,daily_booster,1577
1079,2022-07-15,daily_booster,1449
1080,2022-07-16,daily_booster,998
1081,2022-07-17,daily_booster,836
1082,2022-07-18,daily_booster,1418
1083,2022-07-19,daily_booster,1468
1084,2022-07-20,daily_booster,1450
1085,2022-07-21,daily_booster,1972
1086,2022-07-22,daily_booster,1505
1087,2022-07-23,daily_booster,1052
1088,2022-07-24,daily_booster,785
1089,2022-07-25,daily_booster,1333
1090,2022-07-26,daily_booster,1417
1091,2022-07-27,daily_booster,1445
1092,2022-07-28,daily_booster,1936
1093,2022-07-29,daily_booster,1561
1094,2022-07-30,daily_booster,986
1095,2022-07-31,daily_booster,681
1096,2022-08-01,daily_booster,1049
1097,2022-08-02,daily_booster,1185
1098,2022-08-03,daily_booster,1121
1099,2022-08-04,daily_booster,1386
1100,2022-08-05,daily_booster,1308
1101,2022-08-06,daily_booster,812
1102,2022-08-07,daily_booster,640
1103,2022-08-08,daily_booster,963
1104,2022-08-09,daily_booster,1203
1105,2022-08-10,daily_booster,981
1106,2022-08-11,daily_booster,1345
1107,2022-08-12,daily_booster,1172
1108,2022-08-13,daily_booster,797
1109,2022-08-14,daily_booster,630
1110,2022-08-15,daily_booster,804
1111,2022-08-16,daily_booster,984
1112,2022-08-17,daily_booster,1093
1113,2022-08-18,daily_booster,1231
1114,2022-08-19,daily_booster,1167
1115,2022-08-20,daily_booster,731
1116,2022-08-21,daily_booster,477
1117,2022-08-22,daily_booster,976
1118,2022-08-23,daily_booster,797
1119,2022-08-24,daily_booster,940
1120,2022-08-25,daily_booster,1060
1121,2022-08-26,daily_booster,924
1122,2022-08-27,daily_booster,683
1123,2022-08-28,daily_booster,535
1124,2022-08-29,daily_booster,870
1125,2022-08-30,daily_booster,754
1126,2022-08-31,daily_booster,236
1127,2022-09-01,daily_booster,896
1128,2022-09-02,daily_booster,905
1129,2022-09-03,daily_booster,490
1130,2022-09-04,daily_booster,360
1131,2022-09-05,daily_booster,544
1132,2022-09-06,daily_booster,637
1133,2022-09-07,daily_booster,721
1134,2022-09-08,daily_booster,946
1135,2022-09-09,daily_booster,672
1136,2022-09-10,daily_booster,353
1137,2022-09-11,daily_booster,274
1138,2022-09-12,daily_booster,480
1139,2022-09-13,daily_booster,696
1140,2022-09-14,daily_booster,690
1141,2022-09-15,daily_booster,1037
1142,2022-09-16,daily_booster,292
1143,2022-09-17,daily_booster,307
1144,2022-09-18,daily_booster,190
1145,2022-09-19,daily_booster,468
1146,2021-02-24,daily_full,3
1147,2021-02-25,daily_full,2
1148,2021-02-26,daily_full,3
1149,2021-02-27,daily_full,6
1150,2021-02-28,daily_full,6
1151,2021-03-01,daily_full,6
1152,2021-03-02,daily_full,4
1153,2021-03-03,daily_full,6
1154,2021-03-04,daily_full,17
1155,2021-03-05,daily_full,6
1156,2021-03-06,daily_full,4
1157,2021-03-07,daily_full,7
1158,2021-03-08,daily_full,16
1159,2021-03-09,daily_full,63
1160,2021-03-10,daily_full,12
1161,2021-03-11,daily_full,10
1162,2021-03-12,daily_full,10
1163,2021-03-13,daily_full,3
1164,2021-03-14,daily_full,5
1165,2021-03-15,daily_full,3
1166,2021-03-16,daily_full,7
1167,2021-03-17,daily_full,65
1168,2021-03-18,daily_full,798
1169,2021-03-19,daily_full,3836
1170,2021-03-20,daily_full,6113
1171,2021-03-21,daily_full,5852
1172,2021-03-22,daily_full,14580
1173,2021-03-23,daily_full,20878
1174,2021-03-24,daily_full,22827
1175,2021-03-25,daily_full,19372
1176,2021-03-26,daily_full,12817
1177,2021-03-27,daily_full,14444
1178,2021-03-28,daily_full,12936
1179,2021-03-29,daily_full,27385
1180,2021-03-30,daily_full,29414
1181,2021-03-31,daily_full,27526
1182,2021-04-01,daily_full,26565
1183,2021-04-02,daily_full,22910
1184,2021-04-03,daily_full,14751
1185,2021-04-04,daily_full,9167
1186,2021-04-05,daily_full,19511
1187,2021-04-06,daily_full,21705
1188,2021-04-07,daily_full,18327
1189,2021-04-08,daily_full,14812
1190,2021-04-09,daily_full,14398
1191,2021-04-10,daily_full,10072
1192,2021-04-11,daily_full,10721
1193,2021-04-12,daily_full,13964
1194,2021-04-13,daily_full,7701
1195,2021-04-14,daily_full,7751
1196,2021-04-15,daily_full,9171
1197,2021-04-16,daily_full,3926
1198,2021-04-17,daily_full,1113
1199,2021-04-18,daily_full,3766
1200,2021-04-19,daily_full,8497
1201,2021-04-20,daily_full,11293
1202,2021-04-21,daily_full,11887
1203,2021-04-22,daily_full,15191
1204,2021-04-23,daily_full,6697
1205,2021-04-24,daily_full,3488
1206,2021-04-25,daily_full,5739
1207,2021-04-26,daily_full,8946
1208,2021-04-27,daily_full,11896
1209,2021-04-28,daily_full,13270
1210,2021-04-29,daily_full,6068
1211,2021-04-30,daily_full,8921
1212,2021-05-01,daily_full,2573
1213,2021-05-02,daily_full,8124
1214,2021-05-03,daily_full,26751
1215,2021-05-04,daily_full,19707
1216,2021-05-05,daily_full,22916
1217,2021-05-06,daily_full,18789
1218,2021-05-07,daily_full,15495
1219,2021-05-08,daily_full,8448
1220,2021-05-09,daily_full,6608
1221,2021-05-10,daily_full,24883
1222,2021-05-11,daily_full,18462
1223,2021-05-12,daily_full,7832
1224,2021-05-13,daily_full,10
1225,2021-05-14,daily_full,9
1226,2021-05-15,daily_full,604
1227,2021-05-16,daily_full,334
1228,2021-05-17,daily_full,28219
1229,2021-05-18,daily_full,32408
1230,2021-05-19,daily_full,34154
1231,2021-05-20,daily_full,22013
1232,2021-05-21,daily_full,18914
1233,2021-05-22,daily_full,3370
1234,2021-05-23,daily_full,8435
1235,2021-05-24,daily_full,26161
1236,2021-05-25,daily_full,30810
1237,2021-05-26,daily_full,1912
1238,2021-05-27,daily_full,49689
1239,2021-05-28,daily_full,27637
1240,2021-05-29,daily_full,15092
1241,2021-05-30,daily_full,24449
1242,2021-05-31,daily_full,28734
1243,2021-06-01,daily_full,24474
1244,2021-06-02,daily_full,9903
1245,2021-06-03,daily_full,7889
1246,2021-06-04,daily_full,4994
1247,2021-06-05,daily_full,1408
1248,2021-06-06,daily_full,1620
1249,2021-06-07,daily_full,5109
1250,2021-06-08,daily_full,46454
1251,2021-06-09,daily_full,40823
1252,2021-06-10,daily_full,47521
1253,2021-06-11,daily_full,30312
1254,2021-06-12,daily_full,34215
1255,2021-06-13,daily_full,27024
1256,2021-06-14,daily_full,55979
1257,2021-06-15,daily_full,56276
1258,2021-06-16,daily_full,8307
1259,2021-06-17,daily_full,44479
1260,2021-06-18,daily_full,32787
1261,2021-06-19,daily_full,36354
1262,2021-06-20,daily_full,24257
1263,2021-06-21,daily_full,54803
1264,2021-06-22,daily_full,61095
1265,2021-06-23,daily_full,80212
1266,2021-06-24,daily_full,94870
1267,2021-06-25,daily_full,68329
1268,2021-06-26,daily_full,56417
1269,2021-06-27,daily_full,66253
1270,2021-06-28,daily_full,43679
1271,2021-06-29,daily_full,85558
1272,2021-06-30,daily_full,96865
1273,2021-07-01,daily_full,86635
1274,2021-07-02,daily_full,70757
1275,2021-07-03,daily_full,79453
1276,2021-07-04,daily_full,80887
1277,2021-07-05,daily_full,121560
1278,2021-07-06,daily_full,139366
1279,2021-07-07,daily_full,176672
1280,2021-07-08,daily_full,160711
1281,2021-07-09,daily_full,129894
1282,2021-07-10,daily_full,116809
1283,2021-07-11,daily_full,103474
1284,2021-07-12,daily_full,163120
1285,2021-07-13,daily_full,171494
1286,2021-07-14,daily_full,164149
1287,2021-07-15,daily_full,161384
1288,2021-07-16,daily_full,134277
1289,2021-07-17,daily_full,132878
1290,2021-07-18,daily_full,104211
1291,2021-07-19,daily_full,154643
1292,2021-07-20,daily_full,103525
1293,2021-07-21,daily_full,170656
1294,2021-07-22,daily_full,176944
1295,2021-07-23,daily_full,164681
1296,2021-07-24,daily_full,137686
1297,2021-07-25,daily_full,125130
1298,2021-07-26,daily_full,195771
1299,2021-07-27,daily_full,206016
1300,2021-07-28,daily_full,207341
1301,2021-07-29,daily_full,218730
1302,2021-07-30,daily_full,203148
1303,2021-07-31,daily_full,207712
1304,2021-08-01,daily_full,185684
1305,2021-08-02,daily_full,252335
1306,2021-08-03,daily_full,251171
1307,2021-08-04,daily_full,273612
1308,2021-08-05,daily_full,303133
1309,2021-08-06,daily_full,266070
1310,2021-08-07,daily_full,247436
1311,2021-08-08,daily_full,239813
1312,2021-08-09,daily_full,284906
1313,2021-08-10,daily_full,201917
1314,2021-08-11,daily_full,274914
1315,2021-08-12,daily_full,334210
1316,2021-08-13,daily_full,311471
1317,2021-08-14,daily_full,289878
1318,2021-08-15,daily_full,281948
1319,2021-08-16,daily_full,335517
1320,2021-08-17,daily_full,350456
1321,2021-08-18,daily_full,365125
1322,2021-08-19,daily_full,352336
1323,2021-08-20,daily_full,341904
1324,2021-08-21,daily_full,326175
1325,2021-08-22,daily_full,314794
1326,2021-08-23,daily_full,256771
1327,2021-08-24,daily_full,276858
1328,2021-08-25,daily_full,275536
1329,2021-08-26,daily_full,267337
1330,2021-08-27,daily_full,218403
1331,2021-08-28,daily_full,210716
1332,2021-08-29,daily_full,178189
1333,2021-08-30,daily_full,196111
1334,2021-08-31,daily_full,158442
1335,2021-09-01,daily_full,229502
1336,2021-09-02,daily_full,207859
1337,2021-09-03,daily_full,202490
1338,2021-09-04,daily_full,188381
1339,2021-09-05,daily_full,171219
1340,2021-09-06,daily_full,200321
1341,2021-09-07,daily_full,207666
1342,2021-09-08,daily_full,213379
1343,2021-09-09,daily_full,208167
1344,2021-09-10,daily_full,198160
1345,2021-09-11,daily_full,189992
1346,2021-09-12,daily_full,167014
1347,2021-09-13,daily_full,173493
1348,2021-09-14,daily_full,189832
1349,2021-09-15,daily_full,199584
1350,2021-09-16,daily_full,154592
1351,2021-09-17,daily_full,182439
1352,2021-09-18,daily_full,176371
1353,2021-09-19,daily_full,172513
1354,2021-09-20,daily_full,211358
1355,2021-09-21,daily_full,148520
1356,2021-09-22,daily_full,214847
1357,2021-09-23,daily_full,209073
1358,2021-09-24,daily_full,168965
1359,2021-09-25,daily_full,158438
1360,2021-09-26,daily_full,162606
1361,2021-09-27,daily_full,162171
1362,2021-09-28,daily_full,170701
1363,2021-09-29,daily_full,158812
1364,2021-09-30,daily_full,172463
1365,2021-10-01,daily_full,143553
1366,2021-10-02,daily_full,131325
1367,2021-10-03,daily_full,119018
1368,2021-10-04,daily_full,106764
1369,2021-10-05,daily_full,108956
1370,2021-10-06,daily_full,104131
1371,2021-10-07,daily_full,95254
1372,2021-10-08,daily_full,108278
1373,2021-10-09,daily_full,110877
1374,2021-10-10,daily_full,104341
1375,2021-10-11,daily_full,142448
1376,2021-10-12,daily_full,160184
1377,2021-10-13,daily_full,162636
1378,2021-10-14,daily_full,171306
1379,2021-10-15,daily_full,138460
1380,2021-10-16,daily_full,118258
1381,2021-10-17,daily_full,122992
1382,2021-10-18,daily_full,174965
1383,2021-10-19,daily_full,123533
1384,2021-10-20,daily_full,220873
1385,2021-10-21,daily_full,194608
1386,2021-10-22,daily_full,120156
1387,2021-10-23,daily_full,100852
1388,2021-10-24,daily_full,112229
1389,2021-10-25,daily_full,146879
1390,2021-10-26,daily_full,141959
1391,2021-10-27,daily_full,128616
1392,2021-10-28,daily_full,120948
1393,2021-10-29,daily_full,84558
1394,2021-10-30,daily_full,51974
1395,2021-10-31,daily_full,44092
1396,2021-11-01,daily_full,58455
1397,2021-11-02,daily_full,59184
1398,2021-11-03,daily_full,45207
1399,2021-11-04,daily_full,19693
1400,2021-11-05,daily_full,32015
1401,2021-11-06,daily_full,14069
1402,2021-11-07,daily_full,14857
1403,2021-11-08,daily_full,45954
1404,2021-11-09,daily_full,31935
1405,2021-11-10,daily_full,40124
1406,2021-11-11,daily_full,45422
1407,2021-11-12,daily_full,35121
1408,2021-11-13,daily_full,16698
1409,2021-11-14,daily_full,11598
1410,2021-11-15,daily_full,27754
1411,2021-11-16,daily_full,26929
1412,2021-11-17,daily_full,21571
1413,2021-11-18,daily_full,21834
1414,2021-11-19,daily_full,18020
1415,2021-11-20,daily_full,6706
1416,2021-11-21,daily_full,5302
1417,2021-11-22,daily_full,12536
1418,2021-11-23,daily_full,11171
1419,2021-11-24,daily_full,9129
1420,2021-11-25,daily_full,6453
1421,2021-11-26,daily_full,7092
1422,2021-11-27,daily_full,5636
1423,2021-11-28,daily_full,3832
1424,2021-11-29,daily_full,7253
1425,2021-11-30,daily_full,9213
1426,2021-12-01,daily_full,8663
1427,2021-12-02,daily_full,9484
1428,2021-12-03,daily_full,7303
1429,2021-12-04,daily_full,4854
1430,2021-12-05,daily_full,3430
1431,2021-12-06,daily_full,7023
1432,2021-12-07,daily_full,7310
1433,2021-12-08,daily_full,6967
1434,2021-12-09,daily_full,8407
1435,2021-12-10,daily_full,7508
1436,2021-12-11,daily_full,2905
1437,2021-12-12,daily_full,2549
1438,2021-12-13,daily_full,5578
1439,2021-12-14,daily_full,5651
1440,2021-12-15,daily_full,5846
1441,2021-12-16,daily_full,6663
1442,2021-12-17,daily_full,5172
1443,2021-12-18,daily_full,2371
1444,2021-12-19,daily_full,2259
1445,2021-12-20,daily_full,4758
1446,2021-12-21,daily_full,4783
1447,2021-12-22,daily_full,5027
1448,2021-12-23,daily_full,5642
1449,2021-12-24,daily_full,4164
1450,2021-12-25,daily_full,1438
1451,2021-12-26,daily_full,1562
1452,2021-12-27,daily_full,5466
1453,2021-12-28,daily_full,5099
1454,2021-12-29,daily_full,5291
1455,2021-12-30,daily_full,5110
1456,2021-12-31,daily_full,4743
1457,2022-01-01,daily_full,901
1458,2022-01-02,daily_full,1530
1459,2022-01-03,daily_full,4176
1460,2022-01-04,daily_full,4285
1461,2022-01-05,daily_full,4347
1462,2022-01-06,daily_full,4876
1463,2022-01-07,daily_full,3677
1464,2022-01-08,daily_full,1304
1465,2022-01-09,daily_full,1662
1466,2022-01-10,daily_full,3489
1467,2022-01-11,daily_full,3340
1468,2022-01-12,daily_full,3460
1469,2022-01-13,daily_full,3648
1470,2022-01-14,daily_full,2376
1471,2022-01-15,daily_full,959
1472,2022-01-16,daily_full,914
1473,2022-01-17,daily_full,3317
1474,2022-01-18,daily_full,1553
1475,2022-01-19,daily_full,4696
1476,2022-01-20,daily_full,3621
1477,2022-01-21,daily_full,2947
1478,2022-01-22,daily_full,807
1479,2022-01-23,daily_full,1116
1480,2022-01-24,daily_full,2976
1481,2022-01-25,daily_full,2901
1482,2022-01-26,daily_full,2669
1483,2022-01-27,daily_full,2887
1484,2022-01-28,daily_full,2773
1485,2022-01-29,daily_full,1006
1486,2022-01-30,daily_full,859
1487,2022-01-31,daily_full,1774
1488,2022-02-01,daily_full,352
1489,2022-02-02,daily_full,505
1490,2022-02-03,daily_full,2834
1491,2022-02-04,daily_full,1921
1492,2022-02-05,daily_full,903
1493,2022-02-06,daily_full,851
1494,2022-02-07,daily_full,2464
1495,2022-02-08,daily_full,1707
1496,2022-02-09,daily_full,2308
1497,2022-02-10,daily_full,2050
1498,2022-02-11,daily_full,1828
1499,2022-02-12,daily_full,883
1500,2022-02-13,daily_full,853
1501,2022-02-14,daily_full,1779
1502,2022-02-15,daily_full,1992
1503,2022-02-16,daily_full,1915
1504,2022-02-17,daily_full,1856
1505,2022-02-18,daily_full,1793
1506,2022-02-19,daily_full,758
1507,2022-02-20,daily_full,572
1508,2022-02-21,daily_full,1221
1509,2022-02-22,daily_full,756
1510,2022-02-23,daily_full,658
1511,2022-02-24,daily_full,1141
1512,2022-02-25,daily_full,1176
1513,2022-02-26,daily_full,936
1514,2022-02-27,daily_full,854
1515,2022-02-28,daily_full,1489
1516,2022-03-01,daily_full,1451
1517,2022-03-02,daily_full,1595
1518,2022-03-03,daily_full,1652
1519,2022-03-04,daily_full,1791
1520,2022-03-05,daily_full,1250
1521,2022-03-06,daily_full,1128
1522,2022-03-07,daily_full,1983
1523,2022-03-08,daily_full,2139
1524,2022-03-09,daily_full,1974
1525,2022-03-10,daily_full,1995
1526,2022-03-11,daily_full,2006
1527,2022-03-12,daily_full,1533
1528,2022-03-13,daily_full,1602
1529,2022-03-14,daily_full,2360
1530,2022-03-15,daily_full,2024
1531,2022-03-16,daily_full,2191
1532,2022-03-17,daily_full,2388
1533,2022-03-18,daily_full,1916
1534,2022-03-19,daily_full,1384
1535,2022-03-20,daily_full,1286
1536,2022-03-21,daily_full,1889
1537,2022-03-22,daily_full,1611
1538,2022-03-23,daily_full,1615
1539,2022-03-24,daily_full,1877
1540,2022-03-25,daily_full,1568
1541,2022-03-26,daily_full,1115
1542,2022-03-27,daily_full,954
1543,2022-03-28,daily_full,1927
1544,2022-03-29,daily_full,1814
1545,2022-03-30,daily_full,1634
1546,2022-03-31,daily_full,2174
1547,2022-04-01,daily_full,2982
1548,2022-04-02,daily_full,6107
1549,2022-04-03,daily_full,10869
1550,2022-04-04,daily_full,9194
1551,2022-04-05,daily_full,9468
1552,2022-04-06,daily_full,12721
1553,2022-04-07,daily_full,16169
1554,2022-04-08,daily_full,21748
1555,2022-04-09,daily_full,30419
1556,2022-04-10,daily_full,30314
1557,2022-04-11,daily_full,33912
1558,2022-04-12,daily_full,35094
1559,2022-04-13,daily_full,36808
1560,2022-04-14,daily_full,44600
1561,2022-04-15,daily_full,41847
1562,2022-04-16,daily_full,63910
1563,2022-04-17,daily_full,47912
1564,2022-04-18,daily_full,43075
1565,2022-04-19,daily_full,37535
1566,2022-04-20,daily_full,47277
1567,2022-04-21,daily_full,43758
1568,2022-04-22,daily_full,46844
1569,2022-04-23,daily_full,58149
1570,2022-04-24,daily_full,41041
1571,2022-04-25,daily_full,28697
1572,2022-04-26,daily_full,24535
1573,2022-04-27,daily_full,24453
1574,2022-04-28,daily_full,21817
1575,2022-04-29,daily_full,27227
1576,2022-04-30,daily_full,28211
1577,2022-05-01,daily_full,10412
1578,2022-05-02,daily_full,1701
1579,2022-05-03,daily_full,1149
1580,2022-05-04,daily_full,1570
1581,2022-05-05,daily_full,8252
1582,2022-05-06,daily_full,14499
1583,2022-05-07,daily_full,18558
1584,2022-05-08,daily_full,20601
1585,2022-05-09,daily_full,17979
1586,2022-05-10,daily_full,17332
1587,2022-05-11,daily_full,16476
1588,2022-05-12,daily_full,19183
1589,2022-05-13,daily_full,29502
1590,2022-05-14,daily_full,27337
1591,2022-05-15,daily_full,14332
1592,2022-05-16,daily_full,5605
1593,2022-05-17,daily_full,9751
1594,2022-05-18,daily_full,7186
1595,2022-05-19,daily_full,8535
1596,2022-05-20,daily_full,14024
1597,2022-05-21,daily_full,14631
1598,2022-05-22,daily_full,8869
1599,2022-05-23,daily_full,5001
1600,2022-05-24,daily_full,5440
1601,2022-05-25,daily_full,5414
1602,2022-05-26,daily_full,6456
1603,2022-05-27,daily_full,11048
1604,2022-05-28,daily_full,10612
1605,2022-05-29,daily_full,6992
1606,2022-05-30,daily_full,4810
1607,2022-05-31,daily_full,4723
1608,2022-06-01,daily_full,2692
1609,2022-06-02,daily_full,4191
1610,2022-06-03,daily_full,6856
1611,2022-06-04,daily_full,5685
1612,2022-06-05,daily_full,3187
1613,2022-06-06,daily_full,1348
1614,2022-06-07,daily_full,3743
1615,2022-06-08,daily_full,3845
1616,2022-06-09,daily_full,5886
1617,2022-06-10,daily_full,9636
1618,2022-06-11,daily_full,10748
1619,2022-06-12,daily_full,6540
1620,2022-06-13,daily_full,5569
1621,2022-06-14,daily_full,4781
1622,2022-06-15,daily_full,6299
1623,2022-06-16,daily_full,9681
1624,2022-06-17,daily_full,14840
1625,2022-06-18,daily_full,13981
1626,2022-06-19,daily_full,9119
1627,2022-06-20,daily_full,5289
1628,2022-06-21,daily_full,5003
1629,2022-06-22,daily_full,6668
1630,2022-06-23,daily_full,8142
1631,2022-06-24,daily_full,13547
1632,2022-06-25,daily_full,9740
1633,2022-06-26,daily_full,5195
1634,2022-06-27,daily_full,2259
1635,2022-06-28,daily_full,1753
1636,2022-06-29,daily_full,1843
1637,2022-06-30,daily_full,3448
1638,2022-07-01,daily_full,5271
1639,2022-07-02,daily_full,4980
1640,2022-07-03,daily_full,5257
1641,2022-07-04,daily_full,3523
1642,2022-07-05,daily_full,4575
1643,2022-07-06,daily_full,6720
1644,2022-07-07,daily_full,10620
1645,2022-07-08,daily_full,13346
1646,2022-07-09,daily_full,6532
1647,2022-07-10,daily_full,1690
1648,2022-07-11,daily_full,1096
1649,2022-07-12,daily_full,2457
1650,2022-07-13,daily_full,3510
1651,2022-07-14,daily_full,4605
1652,2022-07-15,daily_full,9697
1653,2022-07-16,daily_full,9811
1654,2022-07-17,daily_full,6158
1655,2022-07-18,daily_full,3086
1656,2022-07-19,daily_full,3371
1657,2022-07-20,daily_full,3212
1658,2022-07-21,daily_full,5613
1659,2022-07-22,daily_full,9132
1660,2022-07-23,daily_full,8068
1661,2022-07-24,daily_full,4582
1662,2022-07-25,daily_full,3309
1663,2022-07-26,daily_full,4599
1664,2022-07-27,daily_full,2517
1665,2022-07-28,daily_full,4045
1666,2022-07-29,daily_full,6525
1667,2022-07-30,daily_full,3458
1668,2022-07-31,daily_full,2884
1669,2022-08-01,daily_full,1245
1670,2022-08-02,daily_full,997
1671,2022-08-03,daily_full,1184
1672,2022-08-04,daily_full,2201
1673,2022-08-05,daily_full,2983
1674,2022-08-06,daily_full,2382
1675,2022-08-07,daily_full,1212
1676,2022-08-08,daily_full,713
1677,2022-08-09,daily_full,714
1678,2022-08-10,daily_full,1086
1679,2022-08-11,daily_full,1387
1680,2022-08-12,daily_full,1973
1681,2022-08-13,daily_full,2380
1682,2022-08-14,daily_full,1406
1683,2022-08-15,daily_full,440
1684,2022-08-16,daily_full,611
1685,2022-08-17,daily_full,727
1686,2022-08-18,daily_full,1794
1687,2022-08-19,daily_full,2634
1688,2022-08-20,daily_full,1408
1689,2022-08-21,daily_full,1339
1690,2022-08-22,daily_full,461
1691,2022-08-23,daily_full,370
1692,2022-08-24,daily_full,427
1693,2022-08-25,daily_full,792
1694,2022-08-26,daily_full,1294
1695,2022-08-27,daily_full,1508
1696,2022-08-28,daily_full,662
1697,2022-08-29,daily_full,294
1698,2022-08-30,daily_full,257
1699,2022-08-31,daily_full,246
1700,2022-09-01,daily_full,418
1701,2022-09-02,daily_full,761
1702,2022-09-03,daily_full,621
1703,2022-09-04,daily_full,331
1704,2022-09-05,daily_full,211
1705,2022-09-06,daily_full,246
1706,2022-09-07,daily_full,292
1707,2022-09-08,daily_full,446
1708,2022-09-09,daily_full,822
1709,2022-09-10,daily_full,642
1710,2022-09-11,daily_full,348
1711,2022-09-12,daily_full,218
1712,2022-09-13,daily_full,334
1713,2022-09-14,daily_full,264
1714,2022-09-15,daily_full,494
1715,2022-09-16,daily_full,324
1716,2022-09-17,daily_full,516
1717,2022-09-18,daily_full,255
1718,2022-09-19,daily_full,188
1719,2021-02-24,daily_partial,66
1720,2021-02-25,daily_partial,1149
1721,2021-02-26,daily_partial,4103
1722,2021-02-27,daily_partial,6721
1723,2021-02-28,daily_partial,6719
1724,2021-03-01,daily_partial,15395
1725,2021-03-02,daily_partial,21687
1726,2021-03-03,daily_partial,22691
1727,2021-03-04,daily_partial,19513
1728,2021-03-05,daily_partial,14372
1729,2021-03-06,daily_partial,15840
1730,2021-03-07,daily_partial,12590
1731,2021-03-08,daily_partial,27206
1732,2021-03-09,daily_partial,30068
1733,2021-03-10,daily_partial,28775
1734,2021-03-11,daily_partial,26512
1735,2021-03-12,daily_partial,26123
1736,2021-03-13,daily_partial,17061
1737,2021-03-14,daily_partial,10310
1738,2021-03-15,daily_partial,20395
1739,2021-03-16,daily_partial,25476
1740,2021-03-17,daily_partial,20799
1741,2021-03-18,daily_partial,17315
1742,2021-03-19,daily_partial,10742
1743,2021-03-20,daily_partial,7701
1744,2021-03-21,daily_partial,9714
1745,2021-03-22,daily_partial,9721
1746,2021-03-23,daily_partial,8307
1747,2021-03-24,daily_partial,6292
1748,2021-03-25,daily_partial,6436
1749,2021-03-26,daily_partial,3939
1750,2021-03-27,daily_partial,1706
1751,2021-03-28,daily_partial,3684
1752,2021-03-29,daily_partial,7866
1753,2021-03-30,daily_partial,11529
1754,2021-03-31,daily_partial,9951
1755,2021-04-01,daily_partial,15911
1756,2021-04-02,daily_partial,7581
1757,2021-04-03,daily_partial,2682
1758,2021-04-04,daily_partial,6029
1759,2021-04-05,daily_partial,9202
1760,2021-04-06,daily_partial,11026
1761,2021-04-07,daily_partial,12728
1762,2021-04-08,daily_partial,12094
1763,2021-04-09,daily_partial,7230
1764,2021-04-10,daily_partial,5672
1765,2021-04-11,daily_partial,12477
1766,2021-04-12,daily_partial,25371
1767,2021-04-13,daily_partial,16818
1768,2021-04-14,daily_partial,20950
1769,2021-04-15,daily_partial,18105
1770,2021-04-16,daily_partial,15632
1771,2021-04-17,daily_partial,8578
1772,2021-04-18,daily_partial,6161
1773,2021-04-19,daily_partial,24676
1774,2021-04-20,daily_partial,22086
1775,2021-04-21,daily_partial,15843
1776,2021-04-22,daily_partial,14396
1777,2021-04-23,daily_partial,12222
1778,2021-04-24,daily_partial,7993
1779,2021-04-25,daily_partial,9114
1780,2021-04-26,daily_partial,21371
1781,2021-04-27,daily_partial,22828
1782,2021-04-28,daily_partial,26471
1783,2021-04-29,daily_partial,6470
1784,2021-04-30,daily_partial,17797
1785,2021-05-01,daily_partial,2931
1786,2021-05-02,daily_partial,7660
1787,2021-05-03,daily_partial,24540
1788,2021-05-04,daily_partial,30142
1789,2021-05-05,daily_partial,32135
1790,2021-05-06,daily_partial,37093
1791,2021-05-07,daily_partial,32368
1792,2021-05-08,daily_partial,18719
1793,2021-05-09,daily_partial,25926
1794,2021-05-10,daily_partial,36748
1795,2021-05-11,daily_partial,30546
1796,2021-05-12,daily_partial,10348
1797,2021-05-13,daily_partial,113
1798,2021-05-14,daily_partial,60
1799,2021-05-15,daily_partial,10375
1800,2021-05-16,daily_partial,10033
1801,2021-05-17,daily_partial,32517
1802,2021-05-18,daily_partial,45873
1803,2021-05-19,daily_partial,50259
1804,2021-05-20,daily_partial,59335
1805,2021-05-21,daily_partial,42281
1806,2021-05-22,daily_partial,43369
1807,2021-05-23,daily_partial,38061
1808,2021-05-24,daily_partial,69796
1809,2021-05-25,daily_partial,69917
1810,2021-05-26,daily_partial,20546
1811,2021-05-27,daily_partial,58949
1812,2021-05-28,daily_partial,46987
1813,2021-05-29,daily_partial,51158
1814,2021-05-30,daily_partial,38436
1815,2021-05-31,daily_partial,67695
1816,2021-06-01,daily_partial,75530
1817,2021-06-02,daily_partial,97124
1818,2021-06-03,daily_partial,111507
1819,2021-06-04,daily_partial,86518
1820,2021-06-05,daily_partial,72270
1821,2021-06-06,daily_partial,81229
1822,2021-06-07,daily_partial,60866
1823,2021-06-08,daily_partial,108593
1824,2021-06-09,daily_partial,116402
1825,2021-06-10,daily_partial,113854
1826,2021-06-11,daily_partial,96417
1827,2021-06-12,daily_partial,103501
1828,2021-06-13,daily_partial,105055
1829,2021-06-14,daily_partial,148087
1830,2021-06-15,daily_partial,167178
1831,2021-06-16,daily_partial,206391
1832,2021-06-17,daily_partial,185211
1833,2021-06-18,daily_partial,153132
1834,2021-06-19,daily_partial,135936
1835,2021-06-20,daily_partial,122536
1836,2021-06-21,daily_partial,191202
1837,2021-06-22,daily_partial,199265
1838,2021-06-23,daily_partial,185427
1839,2021-06-24,daily_partial,183060
1840,2021-06-25,daily_partial,154865
1841,2021-06-26,daily_partial,142756
1842,2021-06-27,daily_partial,111792
1843,2021-06-28,daily_partial,166579
1844,2021-06-29,daily_partial,158916
1845,2021-06-30,daily_partial,174053
1846,2021-07-01,daily_partial,183750
1847,2021-07-02,daily_partial,170240
1848,2021-07-03,daily_partial,144810
1849,2021-07-04,daily_partial,135089
1850,2021-07-05,daily_partial,206618
1851,2021-07-06,daily_partial,217134
1852,2021-07-07,daily_partial,218879
1853,2021-07-08,daily_partial,230070
1854,2021-07-09,daily_partial,220733
1855,2021-07-10,daily_partial,219804
1856,2021-07-11,daily_partial,194793
1857,2021-07-12,daily_partial,271965
1858,2021-07-13,daily_partial,268592
1859,2021-07-14,daily_partial,295351
1860,2021-07-15,daily_partial,317871
1861,2021-07-16,daily_partial,283902
1862,2021-07-17,daily_partial,264792
1863,2021-07-18,daily_partial,252611
1864,2021-07-19,daily_partial,288822
1865,2021-07-20,daily_partial,208553
1866,2021-07-21,daily_partial,289123
1867,2021-07-22,daily_partial,343447
1868,2021-07-23,daily_partial,314696
1869,2021-07-24,daily_partial,296008
1870,2021-07-25,daily_partial,292508
1871,2021-07-26,daily_partial,342826
1872,2021-07-27,daily_partial,366633
1873,2021-07-28,daily_partial,375545
1874,2021-07-29,daily_partial,363181
1875,2021-07-30,daily_partial,333170
1876,2021-07-31,daily_partial,336697
1877,2021-08-01,daily_partial,310627
1878,2021-08-02,daily_partial,237082
1879,2021-08-03,daily_partial,254129
1880,2021-08-04,daily_partial,242978
1881,2021-08-05,daily_partial,236090
1882,2021-08-06,daily_partial,205521
1883,2021-08-07,daily_partial,205109
1884,2021-08-08,daily_partial,172379
1885,2021-08-09,daily_partial,203560
1886,2021-08-10,daily_partial,177165
1887,2021-08-11,daily_partial,245217
1888,2021-08-12,daily_partial,218666
1889,2021-08-13,daily_partial,186090
1890,2021-08-14,daily_partial,181690
1891,2021-08-15,daily_partial,158729
1892,2021-08-16,daily_partial,191419
1893,2021-08-17,daily_partial,199474
1894,2021-08-18,daily_partial,207616
1895,2021-08-19,daily_partial,197342
1896,2021-08-20,daily_partial,173537
1897,2021-08-21,daily_partial,175692
1898,2021-08-22,daily_partial,151240
1899,2021-08-23,daily_partial,162786
1900,2021-08-24,daily_partial,170429
1901,2021-08-25,daily_partial,176825
1902,2021-08-26,daily_partial,172929
1903,2021-08-27,daily_partial,159736
1904,2021-08-28,daily_partial,163616
1905,2021-08-29,daily_partial,155027
1906,2021-08-30,daily_partial,196457
1907,2021-08-31,daily_partial,129455
1908,2021-09-01,daily_partial,202084
1909,2021-09-02,daily_partial,197342
1910,2021-09-03,daily_partial,157281
1911,2021-09-04,daily_partial,148272
1912,2021-09-05,daily_partial,145932
1913,2021-09-06,daily_partial,143485
1914,2021-09-07,daily_partial,144692
1915,2021-09-08,daily_partial,139082
1916,2021-09-09,daily_partial,145605
1917,2021-09-10,daily_partial,120001
1918,2021-09-11,daily_partial,96657
1919,2021-09-12,daily_partial,84520
1920,2021-09-13,daily_partial,78606
1921,2021-09-14,daily_partial,78411
1922,2021-09-15,daily_partial,74730
1923,2021-09-16,daily_partial,66422
1924,2021-09-17,daily_partial,81235
1925,2021-09-18,daily_partial,79102
1926,2021-09-19,daily_partial,66647
1927,2021-09-20,daily_partial,101542
1928,2021-09-21,daily_partial,127637
1929,2021-09-22,daily_partial,126905
1930,2021-09-23,daily_partial,139258
1931,2021-09-24,daily_partial,123607
1932,2021-09-25,daily_partial,120203
1933,2021-09-26,daily_partial,121169
1934,2021-09-27,daily_partial,176219
1935,2021-09-28,daily_partial,173983
1936,2021-09-29,daily_partial,197307
1937,2021-09-30,daily_partial,171604
1938,2021-10-01,daily_partial,105842
1939,2021-10-02,daily_partial,92882
1940,2021-10-03,daily_partial,99562
1941,2021-10-04,daily_partial,130173
1942,2021-10-05,daily_partial,126092
1943,2021-10-06,daily_partial,115722
1944,2021-10-07,daily_partial,110184
1945,2021-10-08,daily_partial,76023
1946,2021-10-09,daily_partial,41130
1947,2021-10-10,daily_partial,33129
1948,2021-10-11,daily_partial,54222
1949,2021-10-12,daily_partial,57432
1950,2021-10-13,daily_partial,53287
1951,2021-10-14,daily_partial,42368
1952,2021-10-15,daily_partial,37253
1953,2021-10-16,daily_partial,16452
1954,2021-10-17,daily_partial,17031
1955,2021-10-18,daily_partial,33065
1956,2021-10-19,daily_partial,15201
1957,2021-10-20,daily_partial,31073
1958,2021-10-21,daily_partial,32666
1959,2021-10-22,daily_partial,28089
1960,2021-10-23,daily_partial,11982
1961,2021-10-24,daily_partial,11452
1962,2021-10-25,daily_partial,24052
1963,2021-10-26,daily_partial,25175
1964,2021-10-27,daily_partial,19714
1965,2021-10-28,daily_partial,19866
1966,2021-10-29,daily_partial,15609
1967,2021-10-30,daily_partial,7200
1968,2021-10-31,daily_partial,6554
1969,2021-11-01,daily_partial,9728
1970,2021-11-02,daily_partial,9677
1971,2021-11-03,daily_partial,8675
1972,2021-11-04,daily_partial,3121
1973,2021-11-05,daily_partial,5901
1974,2021-11-06,daily_partial,5016
1975,2021-11-07,daily_partial,3741
1976,2021-11-08,daily_partial,6691
1977,2021-11-09,daily_partial,8356
1978,2021-11-10,daily_partial,8232
1979,2021-11-11,daily_partial,9020
1980,2021-11-12,daily_partial,7750
1981,2021-11-13,daily_partial,3725
1982,2021-11-14,daily_partial,3592
1983,2021-11-15,daily_partial,6263
1984,2021-11-16,daily_partial,6953
1985,2021-11-17,daily_partial,6487
1986,2021-11-18,daily_partial,7401
1987,2021-11-19,daily_partial,6897
1988,2021-11-20,daily_partial,3198
1989,2021-11-21,daily_partial,2768
1990,2021-11-22,daily_partial,5285
1991,2021-11-23,daily_partial,5519
1992,2021-11-24,daily_partial,5434
1993,2021-11-25,daily_partial,6035
1994,2021-11-26,daily_partial,5095
1995,2021-11-27,daily_partial,2626
1996,2021-11-28,daily_partial,2167
1997,2021-11-29,daily_partial,4671
1998,2021-11-30,daily_partial,4825
1999,2021-12-01,daily_partial,4863
2000,2021-12-02,daily_partial,5533
2001,2021-12-03,daily_partial,4514
2002,2021-12-04,daily_partial,3288
2003,2021-12-05,daily_partial,1756
2004,2021-12-06,daily_partial,4929
2005,2021-12-07,daily_partial,4786
2006,2021-12-08,daily_partial,4905
2007,2021-12-09,daily_partial,4988
2008,2021-12-10,daily_partial,3926
2009,2021-12-11,daily_partial,1461
2010,2021-12-12,daily_partial,1497
2011,2021-12-13,daily_partial,4105
2012,2021-12-14,daily_partial,4153
2013,2021-12-15,daily_partial,4248
2014,2021-12-16,daily_partial,4466
2015,2021-12-17,daily_partial,3102
2016,2021-12-18,daily_partial,1171
2017,2021-12-19,daily_partial,1340
2018,2021-12-20,daily_partial,3390
2019,2021-12-21,daily_partial,3307
2020,2021-12-22,daily_partial,3307
2021,2021-12-23,daily_partial,3624
2022,2021-12-24,daily_partial,2284
2023,2021-12-25,daily_partial,529
2024,2021-12-26,daily_partial,876
2025,2021-12-27,daily_partial,3352
2026,2021-12-28,daily_partial,3491
2027,2021-12-29,daily_partial,3451
2028,2021-12-30,daily_partial,3493
2029,2021-12-31,daily_partial,2786
2030,2022-01-01,daily_partial,537
2031,2022-01-02,daily_partial,1370
2032,2022-01-03,daily_partial,2875
2033,2022-01-04,daily_partial,2945
2034,2022-01-05,daily_partial,2846
2035,2022-01-06,daily_partial,3004
2036,2022-01-07,daily_partial,2796
2037,2022-01-08,daily_partial,1272
2038,2022-01-09,daily_partial,979
2039,2022-01-10,daily_partial,2197
2040,2022-01-11,daily_partial,2226
2041,2022-01-12,daily_partial,2097
2042,2022-01-13,daily_partial,2245
2043,2022-01-14,daily_partial,1813
2044,2022-01-15,daily_partial,1038
2045,2022-01-16,daily_partial,898
2046,2022-01-17,daily_partial,2010
2047,2022-01-18,daily_partial,1083
2048,2022-01-19,daily_partial,2043
2049,2022-01-20,daily_partial,1825
2050,2022-01-21,daily_partial,1567
2051,2022-01-22,daily_partial,1061
2052,2022-01-23,daily_partial,827
2053,2022-01-24,daily_partial,1929
2054,2022-01-25,daily_partial,2203
2055,2022-01-26,daily_partial,1719
2056,2022-01-27,daily_partial,1719
2057,2022-01-28,daily_partial,1698
2058,2022-01-29,daily_partial,764
2059,2022-01-30,daily_partial,528
2060,2022-01-31,daily_partial,1011
2061,2022-02-01,daily_partial,224
2062,2022-02-02,daily_partial,277
2063,2022-02-03,daily_partial,2564
2064,2022-02-04,daily_partial,2787
2065,2022-02-05,daily_partial,16036
2066,2022-02-06,daily_partial,16589
2067,2022-02-07,daily_partial,9772
2068,2022-02-08,daily_partial,11265
2069,2022-02-09,daily_partial,14678
2070,2022-02-10,daily_partial,18977
2071,2022-02-11,daily_partial,21491
2072,2022-02-12,daily_partial,40428
2073,2022-02-13,daily_partial,36035
2074,2022-02-14,daily_partial,39772
2075,2022-02-15,daily_partial,43445
2076,2022-02-16,daily_partial,46287
2077,2022-02-17,daily_partial,55292
2078,2022-02-18,daily_partial,44833
2079,2022-02-19,daily_partial,74236
2080,2022-02-20,daily_partial,62073
2081,2022-02-21,daily_partial,53947
2082,2022-02-22,daily_partial,53404
2083,2022-02-23,daily_partial,49568
2084,2022-02-24,daily_partial,49054
2085,2022-02-25,daily_partial,45784
2086,2022-02-26,daily_partial,56284
2087,2022-02-27,daily_partial,42834
2088,2022-02-28,daily_partial,35282
2089,2022-03-01,daily_partial,27270
2090,2022-03-02,daily_partial,27739
2091,2022-03-03,daily_partial,24419
2092,2022-03-04,daily_partial,23718
2093,2022-03-05,daily_partial,30989
2094,2022-03-06,daily_partial,25004
2095,2022-03-07,daily_partial,16555
2096,2022-03-08,daily_partial,20040
2097,2022-03-09,daily_partial,19194
2098,2022-03-10,daily_partial,20595
2099,2022-03-11,daily_partial,24497
2100,2022-03-12,daily_partial,26600
2101,2022-03-13,daily_partial,23897
2102,2022-03-14,daily_partial,14991
2103,2022-03-15,daily_partial,18579
2104,2022-03-16,daily_partial,13550
2105,2022-03-17,daily_partial,14094
2106,2022-03-18,daily_partial,19423
2107,2022-03-19,daily_partial,16509
2108,2022-03-20,daily_partial,10781
2109,2022-03-21,daily_partial,5161
2110,2022-03-22,daily_partial,6731
2111,2022-03-23,daily_partial,6391
2112,2022-03-24,daily_partial,6976
2113,2022-03-25,daily_partial,13112
2114,2022-03-26,daily_partial,13846
2115,2022-03-27,daily_partial,6773
2116,2022-03-28,daily_partial,4813
2117,2022-03-29,daily_partial,6274
2118,2022-03-30,daily_partial,5759
2119,2022-03-31,daily_partial,7785
2120,2022-04-01,daily_partial,10973
2121,2022-04-02,daily_partial,9583
2122,2022-04-03,daily_partial,2841
2123,2022-04-04,daily_partial,3347
2124,2022-04-05,daily_partial,3408
2125,2022-04-06,daily_partial,3573
2126,2022-04-07,daily_partial,4537
2127,2022-04-08,daily_partial,7308
2128,2022-04-09,daily_partial,7520
2129,2022-04-10,daily_partial,4333
2130,2022-04-11,daily_partial,4874
2131,2022-04-12,daily_partial,5005
2132,2022-04-13,daily_partial,6067
2133,2022-04-14,daily_partial,9222
2134,2022-04-15,daily_partial,12144
2135,2022-04-16,daily_partial,15714
2136,2022-04-17,daily_partial,11869
2137,2022-04-18,daily_partial,9840
2138,2022-04-19,daily_partial,8167
2139,2022-04-20,daily_partial,12089
2140,2022-04-21,daily_partial,15021
2141,2022-04-22,daily_partial,17486
2142,2022-04-23,daily_partial,18641
2143,2022-04-24,daily_partial,12627
2144,2022-04-25,daily_partial,8375
2145,2022-04-26,daily_partial,7642
2146,2022-04-27,daily_partial,8827
2147,2022-04-28,daily_partial,8826
2148,2022-04-29,daily_partial,11520
2149,2022-04-30,daily_partial,7774
2150,2022-05-01,daily_partial,2366
2151,2022-05-02,daily_partial,784
2152,2022-05-03,daily_partial,637
2153,2022-05-04,daily_partial,717
2154,2022-05-05,daily_partial,2319
2155,2022-05-06,daily_partial,4562
2156,2022-05-07,daily_partial,5161
2157,2022-05-08,daily_partial,8174
2158,2022-05-09,daily_partial,8823
2159,2022-05-10,daily_partial,10338
2160,2022-05-11,daily_partial,13111
2161,2022-05-12,daily_partial,18036
2162,2022-05-13,daily_partial,23093
2163,2022-05-14,daily_partial,17976
2164,2022-05-15,daily_partial,10129
2165,2022-05-16,daily_partial,2774
2166,2022-05-17,daily_partial,3585
2167,2022-05-18,daily_partial,3610
2168,2022-05-19,daily_partial,4831
2169,2022-05-20,daily_partial,8123
2170,2022-05-21,daily_partial,8377
2171,2022-05-22,daily_partial,6415
2172,2022-05-23,daily_partial,3808
2173,2022-05-24,daily_partial,4137
2174,2022-05-25,daily_partial,4153
2175,2022-05-26,daily_partial,6564
2176,2022-05-27,daily_partial,9267
2177,2022-05-28,daily_partial,8789
2178,2022-05-29,daily_partial,7173
2179,2022-05-30,daily_partial,5884
2180,2022-05-31,daily_partial,8011
2181,2022-06-01,daily_partial,859
2182,2022-06-02,daily_partial,967
2183,2022-06-03,daily_partial,2250
2184,2022-06-04,daily_partial,2175
2185,2022-06-05,daily_partial,1598
2186,2022-06-06,daily_partial,362
2187,2022-06-07,daily_partial,599
2188,2022-06-08,daily_partial,709
2189,2022-06-09,daily_partial,758
2190,2022-06-10,daily_partial,1221
2191,2022-06-11,daily_partial,860
2192,2022-06-12,daily_partial,1093
2193,2022-06-13,daily_partial,444
2194,2022-06-14,daily_partial,768
2195,2022-06-15,daily_partial,1330
2196,2022-06-16,daily_partial,614
2197,2022-06-17,daily_partial,938
2198,2022-06-18,daily_partial,1230
2199,2022-06-19,daily_partial,931
2200,2022-06-20,daily_partial,603
2201,2022-06-21,daily_partial,733
2202,2022-06-22,daily_partial,1166
2203,2022-06-23,daily_partial,2430
2204,2022-06-24,daily_partial,2951
2205,2022-06-25,daily_partial,1283
2206,2022-06-26,daily_partial,875
2207,2022-06-27,daily_partial,326
2208,2022-06-28,daily_partial,257
2209,2022-06-29,daily_partial,340
2210,2022-06-30,daily_partial,574
2211,2022-07-01,daily_partial,1072
2212,2022-07-02,daily_partial,1042
2213,2022-07-03,daily_partial,432
2214,2022-07-04,daily_partial,272
2215,2022-07-05,daily_partial,560
2216,2022-07-06,daily_partial,250
2217,2022-07-07,daily_partial,632
2218,2022-07-08,daily_partial,667
2219,2022-07-09,daily_partial,415
2220,2022-07-10,daily_partial,482
2221,2022-07-11,daily_partial,97
2222,2022-07-12,daily_partial,214
2223,2022-07-13,daily_partial,289
2224,2022-07-14,daily_partial,685
2225,2022-07-15,daily_partial,653
2226,2022-07-16,daily_partial,589
2227,2022-07-17,daily_partial,460
2228,2022-07-18,daily_partial,323
2229,2022-07-19,daily_partial,354
2230,2022-07-20,daily_partial,275
2231,2022-07-21,daily_partial,442
2232,2022-07-22,daily_partial,659
2233,2022-07-23,daily_partial,1031
2234,2022-07-24,daily_partial,706
2235,2022-07-25,daily_partial,264
2236,2022-07-26,daily_partial,337
2237,2022-07-27,daily_partial,244
2238,2022-07-28,daily_partial,408
2239,2022-07-29,daily_partial,716
2240,2022-07-30,daily_partial,413
2241,2022-07-31,daily_partial,843
2242,2022-08-01,daily_partial,206
2243,2022-08-02,daily_partial,280
2244,2022-08-03,daily_partial,493
2245,2022-08-04,daily_partial,419
2246,2022-08-05,daily_partial,509
2247,2022-08-06,daily_partial,976
2248,2022-08-07,daily_partial,260
2249,2022-08-08,daily_partial,249
2250,2022-08-09,daily_partial,286
2251,2022-08-10,daily_partial,190
2252,2022-08-11,daily_partial,333
2253,2022-08-12,daily_partial,610
2254,2022-08-13,daily_partial,626
2255,2022-08-14,daily_partial,246
2256,2022-08-15,daily_partial,220
2257,2022-08-16,daily_partial,199
2258,2022-08-17,daily_partial,315
2259,2022-08-18,daily_partial,398
2260,2022-08-19,daily_partial,594
2261,2022-08-20,daily_partial,388
2262,2022-08-21,daily_partial,243
2263,2022-08-22,daily_partial,284
2264,2022-08-23,daily_partial,247
2265,2022-08-24,daily_partial,256
2266,2022-08-25,daily_partial,468
2267,2022-08-26,daily_partial,529
2268,2022-08-27,daily_partial,334
2269,2022-08-28,daily_partial,206
2270,2022-08-29,daily_partial,222
2271,2022-08-30,daily_partial,149
2272,2022-08-31,daily_partial,72
2273,2022-09-01,daily_partial,286
2274,2022-09-02,daily_partial,502
2275,2022-09-03,daily_partial,275
2276,2022-09-04,daily_partial,184
2277,2022-09-05,daily_partial,321
2278,2022-09-06,daily_partial,539
2279,2022-09-07,daily_partial,618
2280,2022-09-08,daily_partial,411
2281,2022-09-09,daily_partial,475
2282,2022-09-10,daily_partial,318
2283,2022-09-11,daily_partial,129
2284,2022-09-12,daily_partial,103
2285,2022-09-13,daily_partial,149
2286,2022-09-14,daily_partial,152
2287,2022-09-15,daily_partial,318
2288,2022-09-16,daily_partial,174
2289,2022-09-17,daily_partial,220
2290,2022-09-18,daily_partial,108
2291,2022-09-19,daily_partial,101
